<pkg-contents spec="1.12"><f n="MirthKit.app" o="cadams" g="cadams" p="16877" pt="/Users/cadams/Projects/Mirth/MirthKit/Distributables/PackMac/MirthKit.app" m="true" t="file"><f n="Contents" o="cadams" g="cadams" p="16877"><f n="Info.plist" o="cadams" g="cadams" p="33188"/><f n="MacOS" o="cadams" g="cadams" p="16877"><f n="DejaVuSans.ttf" o="cadams" g="cadams" p="33188"/><f n="downloadBG.png" o="cadams" g="cadams" p="33188"/><f n="downloadFG.png" o="cadams" g="cadams" p="33188"/><f n="MirthKit" o="cadams" g="cadams" p="33261"/><f n="Users" o="cadams" g="cadams" p="16868"><f n="cadams" o="cadams" g="cadams" p="16868"><f n=".mirthkit" o="cadams" g="cadams" p="16868"><f n="cache" o="cadams" g="cadams" p="16868"><f n="arcade.mirthkit.com" o="cadams" g="cadams" p="16868"><f n="arcade.py" o="cadams" g="cadams" p="16868"><f n="Arcade" o="cadams" g="cadams" p="16868"><f n="script" o="cadams" g="cadams" p="16868"/></f></f></f></f></f></f></f></f><f n="PkgInfo" o="cadams" g="cadams" p="33188"/><f n="Resources" o="cadams" g="cadams" p="16877"><f n="English.lproj" o="cadams" g="cadams" p="16877"><f n="Credits.rtfd" o="cadams" g="cadams" p="16877"><f n="TXT.rtf" o="cadams" g="cadams" p="33188"/></f><f n="InfoPlist.strings" o="cadams" g="cadams" p="33188"/><f n="MainMenu.nib" o="cadams" g="cadams" p="16877"><f n="classes.nib" o="cadams" g="cadams" p="33188"/><f n="info.nib" o="cadams" g="cadams" p="33188"/><f n="keyedobjects.nib" o="cadams" g="cadams" p="33188"/></f></f><f n="mirthkit.icns" o="cadams" g="cadams" p="33188"/></f></f></f></pkg-contents>