<pkgref spec="1.12" uuid="3A2A578A-F39F-4AAF-B4BE-D24D33AA9B6B"><config><identifier>com.CIG.mirthkit.mirthkit.pkg</identifier><version>1</version><description></description><post-install type="none"/><requireAuthorization/><installFrom relative="true" includeRoot="true">MirthKit.app</installFrom><installTo relocatable="true">/Applications</installTo><flags><followSymbolicLinks/></flags><packageStore type="internal"></packageStore><mod>parent</mod><mod>installFrom.isRelativeType</mod><mod>installTo</mod></config><contents><file-list>01mirthkit-contents.xml</file-list><component id="com.CIG.MirthKit" path="/Users/cadams/Projects/Mirth/MirthKit/Distributables/PackMac/MirthKit.app" version="1.1.1" isRelocatable="true"><locator-info><token title="pkmk-token-8"><search-rule><combo identifier="com.CIG.MirthKit" default-path="/Applications/MirthKit.app"/></search-rule></token></locator-info></component><filter>/CVS$</filter><filter>/\.svn$</filter><filter>/\.cvsignore$</filter><filter>/\.cvspass$</filter><filter>/\.DS_Store$</filter></contents></pkgref>