<pkmkdoc spec="1.12"><properties><title>MirthKit</title><build>/Users/cadams/Desktop/MirthKit.pkg</build><organization>com.CIG</organization><userSees ui="easy"/><min-target os="2"/><domain anywhere="true"/></properties><distribution><versions min-spec="1.000000"/><scripts></scripts></distribution><contents><choice title="MirthKit" id="choice3" starts_selected="true" starts_enabled="true" starts_hidden="false"><pkgref id="com.CIG.mirthkit.mirthkit.pkg"/></choice></contents><resources bg-scale="none" bg-align="topleft"><locale lang="en"/></resources><flags/><item type="file">01mirthkit.xml</item><mod>properties.title</mod></pkmkdoc>